{"initial_reset_timestamp": 14912.663310011, "timestamps": [14960.65012304, 14995.149706783, 15032.349462238, 15078.350037969, 15139.550226066, 15178.549189807, 15213.450383821, 15244.850623312, 15278.356616663, 15312.650912439, 15349.558047279, 15389.850117626, 15453.85014031, 15499.551676417, 15540.650177119, 15583.151861472, 15620.750623208, 15657.049321775, 15771.449647895, 15805.549298915, 15842.849414239, 15882.350959733, 15923.449686704, 15962.45202269, 16123.751137238, 16169.549452921, 16205.050423415, 16244.249514033, 16283.351549948, 16330.450099032, 16364.750444577, 16392.051092758, 16411.850196812, 16461.3501302, 16505.550324971, 16540.449605675, 16577.051043211, 16668.753066025, 16718.450014929, 16752.750692591, 16795.449487062, 16833.950454631, 16880.750687508, 16918.853203779, 17035.349658673, 17074.050880283, 17127.550333799, 17210.454875326, 17390.351197339, 17443.853944817, 17494.649828573, 17534.649727522, 17573.349817333, 17663.450911795, 17716.552265381, 17762.250298074, 17811.549590789, 17858.15109112, 17906.150132005, 17941.949890595, 17992.650038434, 18028.853655383, 18065.856994902, 18101.349132278, 18155.850007321, 18195.749365349, 18234.849584604, 18268.349664626, 18306.251014813, 18345.052346855, 18386.249989912, 18429.760710694, 18460.751681035, 18503.949809218, 18543.750274557, 18637.550225146, 18685.950581041, 18722.749649097, 18766.352002408, 18808.350988064, 18848.356195646, 18892.150618037, 18928.150921842, 18978.651380966, 19013.0533416, 19058.650448783, 19095.250032483, 19185.452533314, 19220.549668148, 19255.449893498, 19296.449957505, 19342.150350186, 19386.252847721, 19422.349841089, 19467.957383341, 19505.85005476, 19547.45023172, 19590.350995642, 19630.450305569, 19668.449983423, 19708.553186448, 19769.450045062, 19821.577032442, 19861.84983213, 19898.550858085, 19940.550173033, 19986.951310075, 20026.249921302, 20063.954214866, 20103.654191162, 20148.453558722, 20182.650561463, 20218.05533003, 20264.862971619, 20314.850236284, 20349.850632854, 20411.451023034, 20454.350801488, 20508.649950194, 20588.254552735, 20625.749523009, 20667.250243721, 20712.551011182, 20747.750898327, 20870.75122937, 20918.453109526, 20957.649601927, 20999.55283687, 21037.053195861, 21073.349602751, 21111.351111502, 21156.555090423, 21193.950284409, 21229.150289684, 21266.5492874, 21307.751371392, 21344.650404267, 21383.063556942, 21428.663275167, 21438.966115459, 21479.265661812, 21519.364984096, 21556.568666193, 21595.863386877, 21635.265205138, 21672.563833774, 21710.165690636, 21755.462748877, 21789.663883907, 21837.664829608, 21880.170156042, 21921.962704896, 21960.363465297, 22001.065869574, 22082.4630021, 22126.762608173, 22167.96499433, 22205.463535092, 22246.762802139, 22288.467429641, 22327.863044259, 22366.06606316, 22410.062734498, 22449.066248042, 22487.663813871, 22533.466040336, 22572.269802713, 22610.664901329, 22667.564564187, 22754.364454827, 22798.762499483, 22844.464695404, 22886.164759881, 22934.663189594, 22972.47244144, 23013.662632807, 23049.864809701, 23084.871320714, 23144.864450477, 23181.664798955, 23232.463034732, 23271.063803861, 23310.062732905, 23387.563688511, 23433.163069752, 23485.063292869, 23700.464743754, 23740.563312611, 23788.763347833, 23827.462517354, 23862.962992054, 23908.962862935, 23962.065447955, 23996.666668301, 24037.063805104, 24087.663316952, 24151.267960368, 24195.862751855, 24247.366105606, 24270.765083176], "episode_lengths": [150, 149, 149, 149, 149, 149, 149, 149, 149, 149, 149, 149, 149, 149, 149, 149, 149, 149, 149, 149, 149, 149, 149, 149, 149, 149, 149, 149, 149, 149, 149, 79, 70, 149, 149, 149, 149, 149, 149, 149, 149, 149, 149, 149, 149, 149, 149, 149, 149, 149, 149, 149, 149, 149, 149, 149, 149, 149, 149, 149, 149, 149, 149, 149, 149, 149, 149, 149, 149, 149, 149, 149, 149, 149, 149, 149, 149, 149, 149, 149, 149, 149, 149, 149, 149, 149, 149, 149, 149, 149, 149, 149, 149, 149, 149, 149, 149, 149, 149, 149, 149, 149, 149, 149, 149, 149, 149, 149, 149, 149, 149, 149, 149, 149, 149, 149, 149, 149, 149, 149, 149, 149, 149, 149, 149, 149, 149, 149, 149, 149, 149, 149, 149, 149, 149, 149, 149, 149, 123, 26, 149, 149, 149, 149, 149, 149, 149, 149, 149, 149, 149, 149, 149, 149, 149, 149, 149, 149, 149, 149, 149, 149, 149, 149, 149, 149, 149, 149, 149, 149, 149, 149, 149, 149, 149, 149, 149, 149, 149, 149, 149, 149, 149, 149, 149, 149, 149, 149, 149, 149, 149, 149, 149, 149, 149, 149, 149, 149, 92, 57],