{"initial_reset_timestamp": 3764.15816618, "timestamps": [3805.389946036, 3825.291268307, 3840.489924708, 3896.690292113, 3953.090489076, 4009.391157015, 4072.737858946], "episode_lengths": [26, 14, 7, 79, 43, 79, 71], "episode_rewards": [-357.6370621298798, -209.4535150330118, -148.46955116174445, -365.32854252167306, -674.970976811955, -477.182171362359, -594.8563850977605], "episode_types": ["t", "t", "t", "t", "t", "t", "t"]}