{"initial_reset_timestamp": 4519.596833344, "timestamps": [4533.833601039, 4542.007662613], "episode_lengths": [15, 13], "episode_rewards": [-47.20255765191387, -49.59852758105184], "episode_types": ["t", "t"]}