{"initial_reset_timestamp": 3157.921626857, "timestamps": [3200.648972768, 3229.349409789, 3290.248285266, 3315.75025258, 3342.248438343, 3370.350502518, 3394.048676968, 3418.048681475, 3443.648942723], "episode_lengths": [80, 80, 36, 59, 10, 16, 28, 79, 80], "episode_rewards": [9.158749345009443, -20.77613349388536, -579.3830181663002, 221.1960911582452, -158.60396433653784, -189.51649822447322, -114.9199631774737, 30.76618546843914, 44.16500702206309], "episode_types": ["t", "t", "t", "t", "t", "t", "t", "t", "t"]}